{"position":[4690.357616397967,1734.5064662827124,1160.0640603044012],"up":[0.01922872723937208,0.019797355031896936,0.9996190878442092],"target":[3003.866504273392,1658.3386063100957,-24.532755923252857]}