{"position":[1364.5643417963897,1744.6804169303757,1161.3456022480095],"up":[-0.047291674292577024,0.008266761769426223,0.9988469142929011],"target":[2990.880962773665,1708.3015787913648,-43.96423820927493]}