{"position":[2843.475031742506,-13.905670235499883,1153.7906319406543],"up":[0.005017565729131695,-0.13722074128408798,0.9905277846661299],"target":[2832.814136740134,1553.1758637214573,-6.165871465775088]}