{"position":[3080.235923402445,3511.6804708999916,1140.5033408482088],"up":[0.005580498459122396,0.01458201423912743,0.9998781040195228],"target":[2985.2169187906375,1651.344785902363,-32.953844087940226]}