{"position":[1361.1845743832469,1741.6619516218805,1231.4776861983598],"up":[-0.047291674292577024,0.008266761769426223,0.9988469142929011],"target":[2987.501195360522,1705.2831134828696,26.167845741075258]}