{"position":[2820.100508850491,-29.79198447285512,1209.7738767926253],"up":[-0.0015901748444034501,-0.14308335102431943,0.9897093644113929],"target":[2828.5231252887943,1544.1232251154079,59.08831978538637]}