{"position":[1359.5829464374244,1756.3832498274348,1270.8953601949809],"up":[-0.047219667989669686,0.012015730379036426,0.9988122572227481],"target":[2985.66918216976,1708.0095304554957,65.69640555287745]}