{"position":[2822.334081577784,-36.74604487860438,1257.8027056775138],"up":[-0.0015901748444034501,-0.14308335102431943,0.9897093644113929],"target":[2830.7566980160873,1537.1691647096586,107.117148670275]}