{"position":[1824.123895171744,517.0838160101639,1159.9158330057999],"up":[0.24902302007097185,-0.0038009485568501044,0.9684901074687244],"target":[3445.388440410816,550.3038505076909,-65.59981125493421]}