{"position":[4638.189143460231,615.1102518050049,820.0995982723848],"up":[0.06803534436348439,0.0037054491542137472,0.9976760303645166],"target":[3461.6220573289806,590.5957421683041,52.44925451813293]}