{"position":[4636.927983060485,244.52287239763518,828.0391932525297],"up":[0.05924831877877207,-0.0017522459542160542,0.9982417374343729],"target":[3467.03597375142,232.60305472329992,49.95904049348428]}