{"position":[4634.841174544663,421.0273732334938,828.4728749725293],"up":[0.05924831877877207,-0.0017522459542160542,0.9982417374343729],"target":[3464.9491652355987,409.10755555915864,50.39272221348398]}