{"position":[1816.339167752498,-587.0709677107507,1072.7920218548545],"up":[0.22887024319004587,-0.002976665002206992,0.9734523877661269],"target":[3452.11310430167,-559.9422190365257,-111.1698106330125]}