{"position":[4541.052616620225,-662.1250938952946,1121.4412927662743],"up":[-0.02364574283864689,-0.0038875268571544118,0.9997128417603438],"target":[3477.916548137928,-672.5552847455792,279.4128445018441]}