{"position":[1822.0762506295625,-585.949163400485,1097.2631421215387],"up":[0.22887024319004587,-0.002976665002206992,0.9734523877661269],"target":[3457.8501871787344,-558.82041472626,-86.69869036632824]}