{"position":[1949.5745431446912,-1459.0637448470295,1131.815885415127],"up":[-0.05074013478289157,-0.059576414539056266,0.9969333425825764],"target":[3661.8147622460806,-1203.2387858710672,-325.21744433406764]}