{"position":[4672.389866068312,-1012.9863006709697,1083.3223572385446],"up":[0.060763461082023934,0.019532055104031124,0.9979610716960512],"target":[3643.8324105003408,-1092.6607972181694,287.4219063091438]}