{"position":[4438.985381638051,-1674.9870828801888,950.1342634086329],"up":[-0.009915332166213878,-0.033487126793721095,0.9993899631911038],"target":[3013.065274807501,-1532.5359069870715,-89.5598970834451]}