{"position":[1194.269622460768,-1523.7832756329444,1102.2186268463652],"up":[-0.005168264841030313,-0.019401075131998315,0.9997984233445524],"target":[3017.879834937432,-1402.0625218941564,-432.79824043463964]}