{"position":[3529.1676489907813,-3118.8646718168047,1031.9200393229316],"up":[-0.04239824538649193,0.00785270027242697,0.9990699294276497],"target":[2791.1771571625827,-2050.8552657974315,129.60189778363508]}