{"position":[2085.2931835702007,-3658.4311302128863,1073.6860293422324],"up":[0.005335764070436153,-0.12801723087768357,0.9917575904525171],"target":[2075.331562778677,-2873.4245466571133,503.7706175630324]}