{"position":[1510.0414801650404,-887.3449888389507,1295.0901712665604],"up":[-0.02513927430239035,-0.08873963903117951,0.99573756248931],"target":[2481.8015737165583,-2205.4862359745916,-374.5359527016521]}