{"position":[1412.9874545275868,-763.7652295192593,1693.0969404563573],"up":[0.005413527380719313,-0.18823918358734473,0.9821082951913495],"target":[1369.8569722622835,-2457.494015846081,-148.0144978012392]}