{"position":[1374.5489875055307,-4266.370554958474,1486.4926938641538],"up":[0.0006314917028053082,-0.027657680097404217,0.9996172537275706],"target":[1366.9142155011587,-2866.1300267864076,236.6908496788259]}