{"position":[1366.4841681927146,-4920.084717678781,1187.5761214481288],"up":[-0.002174020695196038,-0.2728135875828846,0.962064457333372],"target":[1369.8346423944631,-3548.426553979512,187.70225354306723]}