{"position":[1841.6678394545297,-1651.3256266237452,1007.7253024696431],"up":[0.003184180446244769,-0.004507339740502578,0.9999847723257239],"target":[1822.7799809626622,-3558.306923838174,-377.6007809851772]}