{"position":[1608.2266543220112,-1665.412336098014,989.0609021571413],"up":[0.0030082015637859943,-0.01635699101512592,0.9998616902193342],"target":[1589.3932680865785,-3555.8419493186097,-418.76861793605894]}