{"position":[888.2924972527716,-1720.8417850383632,984.638914338733],"up":[0.0030536532106485567,-0.01043177782619401,0.9999409248617815],"target":[870.1099163894827,-3551.2263075040282,-361.6852694064592]}