{"position":[853.5770506414489,-4908.725725042848,1159.0910571884567],"up":[-0.001516197461097581,-0.27069948696770646,0.9626627077542047],"target":[855.9035013562517,-3539.267086884438,156.2038644094267]}