{"position":[1611.1714638594701,-1666.2561665427154,1039.3306380981476],"up":[0.0030082015637859943,-0.01635699101512592,0.9998616902193342],"target":[1592.3380776240374,-3556.685779763311,-368.4988819950526]}