{"position":[1124.0692836473486,-4919.841658742416,1187.0972500046662],"up":[-0.002174020695196038,-0.2728135875828846,0.962064457333372],"target":[1127.419757849097,-3548.1834950431085,187.22338209960347]}