{"position":[892.430641463953,-1721.2097234807932,1016.9411267265672],"up":[0.0030536532106485567,-0.01043177782619401,0.9999409248617815],"target":[874.2480606006641,-3551.594245946458,-329.383057018625]}