{"position":[-870.8313128233356,-4906.593766654995,963.293741013166],"up":[0.0008698123846594862,-0.35714244164757525,0.9340495274879159],"target":[-872.2739587728458,-3507.601589041149,122.78317277499195]}