{"position":[-479.15058106647786,-4894.207475132065,952.2828812240998],"up":[0.0008678826564040892,-0.3516010937264614,0.9361495167279779],"target":[-480.59593030391045,-3500.220639400376,103.496793717688]}