{"position":[-334.31321487460156,-2069.874789073675,1106.9277722377826],"up":[-0.0271763421036559,0.011703755261059557,0.9995621384099249],"target":[-213.41537684761434,-3822.3228354102266,-222.2986338439128]}