{"position":[-2082.1306671469874,-118.43929250102428,1287.0489002760835],"up":[-0.049317817822424274,-0.019157929026096865,0.998599382435546],"target":[-1668.4201485616402,-2206.9308464789533,-172.41990638245008]}