{"position":[-3664.0458852766697,-2189.8218354638598,1147.6659632363524],"up":[0.15279208697542415,0.007599139825142364,0.9882291390318344],"target":[-2121.0724237544778,-2156.4472465317817,38.03518501414807]}