{"position":[153.78194881625313,-2614.355297133906,1583.7124034192682],"up":[-0.041321098333146594,-0.037025028605679695,0.9984596707375116],"target":[-2062.8566779405505,-2284.645842447715,-357.171099167909]}