{"position":[-904.3974067528334,-4226.20323084662,1661.8914411201526],"up":[-0.015057270425008337,0.002497483468671081,0.9998835138073151],"target":[-1700.0921500180862,-2205.9086062768615,-146.94710056438853]}