{"position":[-3580.6306675909564,-3611.357309908678,1492.0912294803068],"up":[0.05611231702612588,-0.033410541847258085,0.9978652932993574],"target":[-2298.924818709322,-2501.033376376268,118.1779882925446]}