{"position":[-459.9186721891118,-1012.7842599963697,1376.7539501856372],"up":[0.005103108780542516,-0.029353131134136966,0.9995560774530797],"target":[-1416.794923530462,-1953.7059076146793,204.16719558641012]}