{"position":[-867.0374545141333,-2858.2750140938915,1328.138849157892],"up":[-0.17766553068032293,0.07822480680227921,0.9809769817935677],"target":[-2316.355648976983,-2120.6176348825197,-18.27113093968105]}