{"position":[-633.4586543664329,-2268.2190908300727,1323.044399279994],"up":[-0.2001835699907497,0.009567392238245721,0.9797116939750725],"target":[-2442.1777775276164,-2390.670992720943,-71.75829688735642]}