{"position":[-3752.9753385029617,-3599.509697842845,1308.9412420412539],"up":[0.1414054612092971,0.07950458894992637,0.9867540300784582],"target":[-2493.7089666653224,-2840.952307370452,232.14168400848604]}