{"position":[-657.2472535905663,-2805.8990053300486,1229.4297227155048],"up":[-0.1972173047162562,0.008421506262572922,0.9803236266420965],"target":[-2405.1611392586265,-2917.520079807731,-110.1049076094122]}