{"position":[-2990.5216066077396,-2951.7684349188835,1317.7305622549045],"up":[0.18994446765600728,0.09905621085360954,0.976785015393952],"target":[-2437.1696388772793,-2603.826862600259,784.1531358464941]}