{"position":[-3973.5409948704437,-2005.3140366010002,1154.942039409402],"up":[0.22029590336735175,0.0031381486506233723,0.975428042954785],"target":[-2055.248749731418,-2018.5465581091855,-127.63001931600438]}