{"position":[-1590.9471259553195,-9.596524905673277,1189.5233216412378],"up":[0.009319268089498983,-0.04175871407816719,0.9990842612316598],"target":[-1677.4269812845566,-1936.4576183747236,-3.579954741126747]}