{"position":[-3971.8935975134696,-2591.88891184256,1175.3829455846221],"up":[0.22029590336735175,0.0031381486506233723,0.975428042954785],"target":[-2053.6013523744436,-2605.121433350745,-107.18911314078431]}