{"position":[-615.8969808553882,-2520.1569266303204,1306.2647933077048],"up":[-0.2001835699907497,0.009567392238245721,0.9797116939750725],"target":[-2424.6161040165716,-2642.608828521191,-88.53790285964557]}