{"position":[-1582.684482894295,-36.09268144991165,1258.978790106087],"up":[0.010044778028392425,-0.062306283080915396,0.9980065277957844],"target":[-1675.802230839494,-1937.771586339958,26.617522161233943]}