{"position":[-924.3563174974488,-3466.0239861439786,1462.8202357282614],"up":[-0.04542192339458421,0.09210218738828402,0.9947130420143402],"target":[-1887.9852442632548,-1873.131964660755,-65.16268488780933]}