{"position":[-4224.778539508239,-3434.588761905232,1453.18626095016],"up":[0.13309774642875596,0.0634216859329807,0.9890716251359124],"target":[-2671.6798954880705,-2646.7334370342023,131.8987575364773]}