{"position":[-599.4105339175776,-2820.5155020885013,1571.8634789784742],"up":[-0.0422299475492688,-0.05408640937132053,0.9976428678897519],"target":[-2843.0436240265103,-2387.170550005176,-655.7695196137587]}