{"position":[-1377.5411200377143,-3483.2302356553128,1710.44019693974],"up":[0.030175183327118067,0.13543735106711782,0.9903263008963669],"target":[-1747.1095321530047,-1406.6645215883684,-384.8538143267107]}