{"position":[-2226.4382522693268,519.4490725951221,1493.577453317216],"up":[-0.011016995169180433,-0.09811335478120267,0.995114262500047],"target":[-2104.6725931999176,-1453.262746374167,-42.29166161481687]}