{"position":[-4776.78963698344,-1651.4558400871128,1366.0255292641687],"up":[0.17630852725823884,0.008464402433819115,0.9842985609597628],"target":[-2733.4091253685756,-1731.6742498703331,-88.71100629371364]}