{"position":[-1695.8561902593128,-2488.3843506468033,980.1933563744692],"up":[-0.12452412901865716,0.0009307864672404339,0.992216143251396],"target":[-3886.9266165144004,-2492.7763604130123,-526.8866519615262]}