{"position":[-4673.236464670592,-2995.076565482987,1056.7031703645407],"up":[0.11533291854833295,0.006828331702455089,0.9933034238264111],"target":[-3820.2104481010456,-3009.9198509659077,432.9705125363765]}