{"position":[-4677.906323283098,-2411.2714093562445,1071.608499435201],"up":[0.09469347408237833,0.005597231578261792,0.9954907417775705],"target":[-3812.0948446442876,-2422.9829877151537,465.6799071906548]}