{"position":[-2082.736571529971,-3976.216971162923,910.9665778290012],"up":[0.027936706668362205,-0.02203764592681329,0.9993667407826456],"target":[-3413.1877244542998,-3015.104800610504,14.064015655876737]}