{"position":[-1709.3575588777026,-2504.138672122819,999.6004757867856],"up":[-0.13334202156111455,-0.0017822247845662152,0.9910684784417221],"target":[-3886.9266165144004,-2492.7763604130123,-526.8866519615262]}