{"position":[-4688.927885701709,-2816.2579649089857,996.6092887611495],"up":[0.09469347408237833,0.005597231578261792,0.9954907417775705],"target":[-3823.1164070629075,-2827.969543267895,390.6806965166069]}