{"position":[-2020.9485425521234,-3775.5528477002754,982.6097221358574],"up":[0.01204221753922314,-0.008628287785283741,0.9998902628021894],"target":[-3298.383141763004,-2859.2838108842516,80.69826425615618]}