{"position":[-5237.453967325186,-1965.6523482981563,1163.601205848756],"up":[0.008888094515805989,0.0014354722849462473,0.9999594697762463],"target":[-3815.4402535806703,-1968.5329288974356,340.521044057767]}