{"position":[-5237.852194010413,-2246.075112824532,1156.7045889359038],"up":[0.008888094515805989,0.0014354722849462473,0.9999594697762463],"target":[-3815.8384802658143,-2248.955693423811,333.62442714492397]}