{"position":[-1949.958569020659,-2058.197115759695,1106.8962850067605],"up":[-0.2019722869817087,-0.00016284362070407906,0.9793912235533448],"target":[-3895.0369946924625,-2061.761031941723,-469.34524989669393]}