{"position":[-1947.4767901056707,-1930.605602273991,1093.7959390500405],"up":[-0.2019722869817087,-0.00016284362070407906,0.9793912235533448],"target":[-3892.555215777474,-1934.1695184560192,-482.4455958534141]}