{"position":[-5136.363125034612,-1578.9252152146425,1114.8441530162986],"up":[0.008888094515805989,0.0014354722849462473,0.9999594697762463],"target":[-3814.89146890673,-1581.6021272432304,349.95905098458013]}