{"position":[-1949.6822303628423,-1688.780746274229,1102.4702422363478],"up":[-0.2019722869817087,-0.00016284362070407906,0.9793912235533448],"target":[-3894.7606560346458,-1692.344662456257,-473.7712926671067]}