{"position":[-1897.5361967946649,1305.3176341771082,1488.4845599370178],"up":[-0.001273870273323611,-0.20253315847666323,0.9792745769047503],"target":[-1848.0732123511818,-1211.8754033862142,-296.7362880251098]}