{"position":[-283.0633520793158,-1043.3379268434915,1818.7026348763993],"up":[-0.4239388015565823,0.0002275439078691893,0.9056908085867481],"target":[-3469.4318998796643,-954.7878954040959,-1172.254244089515]}