{"position":[-4239.119524547301,-475.64761779391324,1359.0442862671252],"up":[0.3172794553380616,0.0014293700146684719,0.9483310097859987],"target":[-2112.723694598256,-349.15908283272796,-318.97843493318373]}