{"position":[-2054.693909935794,-2773.7398649159386,1445.0148264500244],"up":[-0.00038735215481087456,0.04582219390124401,0.9989495365154225],"target":[-2047.100773600227,-1212.9049067332369,143.25928448852494]}