{"position":[-4047.9680976453146,-421.0742945239705,1065.9775893838469],"up":[-0.12414477947220426,-0.02636999714948607,0.9919136539941987],"target":[-2379.952493589267,-290.97448642508357,-171.33839089802584]}