{"position":[-2352.4473643765155,-2485.0369899760553,1299.6047840955607],"up":[0.007511621719340747,0.15461821941907472,0.9879457382684579],"target":[-2563.3114350453525,-813.1249945517555,34.81169652880338]}