{"position":[-2827.7371541636417,785.0200596353628,1214.590488625071],"up":[-0.015055844856619998,0.04029294592183813,0.9990744717209981],"target":[-2759.049189045776,-851.4491517141308,-61.17716211308655]}