{"position":[-3789.4756326532033,-2155.080665984454,1228.44267983633],"up":[-0.03898055653512136,0.07774789925755626,0.9962107108304143],"target":[-3013.3268207455544,-888.0790037905291,81.9914784678585]}