{"position":[-4873.105943560009,-843.0912584559193,1288.8542969441885],"up":[0.008891475951764018,-0.001722403262804453,0.9999589866501519],"target":[-2022.1827204193712,-831.5755587248277,-792.4068694033397]}