{"position":[-1546.452420264625,-255.20147184142695,1181.4807676578052],"up":[-0.09999281841621696,0.0007581869973886761,0.994987869985183],"target":[-3515.771367977362,-261.2395650328966,-456.30952798460976]}