{"position":[-493.4926751757123,-1055.602512967534,1396.2435593299401],"up":[-0.20816079746335123,-0.005088460837591054,0.9780813820770322],"target":[-2388.2089929179847,-986.4357612027259,-21.508121459521586]}