{"position":[-1530.5734866115379,-1415.9789975801823,1511.255079873485],"up":[0.026843872953576587,-0.036959077783790525,0.998956171738389],"target":[-1693.5730549873124,263.94151895807283,84.7186951633044]}