{"position":[-3204.545372364194,2039.8548640659815,1349.9162150175268],"up":[0.15456306445473122,-0.07334034548382554,0.9852570491149305],"target":[-2573.4365149851305,576.1428211418009,-36.39008726125146]}