{"position":[-2296.32401278173,-2075.906335505379,2891.323551960089],"up":[-0.0246170248708145,0.28216510606894896,0.9590499752377956],"target":[-1995.3444846335576,138.05171297109027,-549.7814778429487]}