{"position":[241.52791174772346,112.04628375042628,1289.0807613254105],"up":[-0.12710076783774993,0.0025659116418052744,0.9918864909416254],"target":[-1582.3847240671303,77.22302721098754,-25.62613889755827]}