{"position":[-1899.9505827913715,2463.056220517804,1337.842650008824],"up":[0.009816164752328027,-0.2886394924405398,0.9573875319395025],"target":[-1889.4277632035555,904.7549587518207,170.62327040066936]}