{"position":[-2025.7998155034657,3051.554751118424,1255.1793327188552],"up":[-0.0014374463091388825,-0.06483652909781845,0.9978948633210913],"target":[-2001.5329390081101,1364.889347158515,286.99553727333887]}