{"position":[-2289.407878442634,-664.4736355881828,1791.3473190515954],"up":[-0.06431446523511748,-0.15766984395351072,0.9853952861005503],"target":[-2003.1117360045216,1324.7138650647487,-213.20349820140865]}