{"position":[-3501.181832101216,2722.492572707086,1169.4065739145608],"up":[0.08376298341531825,-0.13525033994031566,0.9872644570505829],"target":[-2765.0165536249797,1302.8311633160074,-25.520739397750145]}