{"position":[-996.8747642093144,500.51937640068445,1451.3757486397062],"up":[-0.20034908778593147,-0.021817233870474562,0.9794816237835007],"target":[-3039.16271058369,743.1035958631767,-426.3174868985197]}