{"position":[-2288.2636510260336,-675.4992863739899,1815.4023855668386],"up":[-0.0645613273359477,-0.16058213991932183,0.9849087324983675],"target":[-2001.7135732500199,1319.628327208449,-183.19993388690636]}