{"position":[-1002.7381798424994,494.99503129254765,1477.8536480652513],"up":[-0.20034908778593147,-0.021817233870474562,0.9794816237835007],"target":[-3045.026126216875,737.5792507550399,-399.83958747297464]}