{"position":[-4740.091023866595,1201.0175667062451,1497.744054874266],"up":[0.12104535607715614,0.0017589263527874642,0.9926454190446004],"target":[-2731.240836280013,1138.993826074826,7.56939855520276]}