{"position":[-2281.989229098665,-706.9193265914303,1834.1966082390159],"up":[-0.06793790291960988,-0.17199120154712663,0.9827530045424686],"target":[-1986.0859983251082,1311.0047656335207,-140.00703093156432]}