{"position":[-4712.484334530665,1249.7043489164876,1110.9258280215668],"up":[0.3170502773168743,0.0005394019800362138,0.9484085779339908],"target":[-3120.020902790703,1187.667616311123,-3.4691863659124254]}