{"position":[-1338.9201931470943,1014.2290500355218,1191.7406999108637],"up":[-0.2809389618479506,-0.005682177078948873,0.9597088165581387],"target":[-3683.511011354268,1151.4581370695964,-569.4945805556479]}