{"position":[-4696.196847824965,1420.1824878705354,1141.836189038827],"up":[0.3170502773168743,0.0005394019800362138,0.9484085779339908],"target":[-3103.733416085001,1358.145755265171,27.441174651347797]}