{"position":[-4690.292761750633,1866.0587952868755,1127.5785325108532],"up":[0.30861213517195685,0.0008336901353569525,0.9511876024136039],"target":[-3087.9860006999284,1803.8709819224334,27.39204601271634]}