{"position":[-1911.2824570507007,-191.2495105631483,1055.4148701457682],"up":[-0.05373462837788473,0.046485071503677367,0.9974726702222889],"target":[-3304.635690672194,1014.1207813700946,-73.54212359869139]}