{"position":[-1317.7558039787168,1401.318156142177,1210.8583024112627],"up":[-0.2753009768581494,-0.007022438811695992,0.9613324385945103],"target":[-3672.3501381403175,1547.4320258825155,-536.260439664709]}