{"position":[-1938.8183061070274,2760.9338789451012,1021.8699539970587],"up":[-0.12333775515576657,-0.08688341238666838,0.9885540302912996],"target":[-2983.5200930034025,1772.9228702569415,24.838254802144057]}