{"position":[-1337.0577494691502,1003.4435545786803,1205.1386878305825],"up":[-0.2753009768581494,-0.007022438811695992,0.9613324385945103],"target":[-3691.652083630751,1149.5574243190188,-541.9800542453892]}