{"position":[-1323.9086173022451,1392.4847406128483,1230.746989484011],"up":[-0.2753009768581494,-0.007022438811695992,0.9613324385945103],"target":[-3678.502951463846,1538.5986103531868,-516.3717525919607]}