{"position":[-4682.149273958514,1768.190026368511,1163.1851267749664],"up":[0.30861213517195685,0.0008336901353569525,0.9511876024136039],"target":[-3079.8425129077964,1706.002213004069,62.99864027682952]}