{"position":[433.3994159209658,894.4741796313031,1927.4336525066412],"up":[-0.02370147897288132,-0.00001551391305873464,0.9997190803689872],"target":[-1208.6644813141813,893.3993590866548,340.8578265646104]}