{"position":[-1876.8230817477943,-206.7990524827751,1185.7906332903513],"up":[0.0005105132178696097,0.06749832920728967,0.9977192565699364],"target":[-1923.4261737638087,2221.9285618458143,-387.89260303067294]}