{"position":[-3516.112438074825,1229.0644263477152,1384.637113662018],"up":[0.22573381415461954,-0.0016424412985961102,0.9741876346647881],"target":[-1226.066813262094,1254.6930494434569,-420.54320765627]}