{"position":[-1633.137923320281,3581.2896339197514,1442.1241718256852],"up":[0.025387032482373773,-0.10182228227979842,0.9944786178762506],"target":[-1812.1248874240373,1801.4611730121248,265.69216346885395]}