{"position":[-3511.431460474648,1229.0303675118375,1404.8385642657486],"up":[0.22573381415461954,-0.0016424412985961102,0.9741876346647881],"target":[-1221.3858356619166,1254.6589906075792,-400.3417570525393]}