{"position":[-1880.2318646375154,-204.0824863743187,1226.8670455890324],"up":[0.0005105132178696097,0.06749832920728967,0.9977192565699364],"target":[-1926.8349566535298,2224.6451279542707,-346.8161907319917]}