{"position":[-3435.385577431479,1435.6176439704109,1320.3946475679782],"up":[0.22573381415461954,-0.0016424412985961102,0.9741876346647881],"target":[-1227.781595112006,1460.3236366347057,-419.7991821828513]}