{"position":[279.37270040516853,-3112.3422861146882,709.8461179622076],"up":[-0.22774689746593996,-0.4586153527310374,0.8589547770016848],"target":[1253.6719964913852,-1329.3667145820011,-74.94866848999591]}